id,name,popularity,duration_ms,explicit,artists,id_artists,release_date,danceability,energy,key,loudness,mode,speechiness,acousticness,instrumentalness,liveness,valence,tempo,time_signature
0lx2cLdOt3piJbcaXIV74f,willow,85,214707,0,['Taylor Swift'],['06HL4z0CvFAxyc27GXpf02'],2020-12-11,0.392,0.574,7,-9.195,1,0.17,0.833,0.00179,0.145,0.529,81.112,4
3CeCwYWvdfXbZLXFhBrbnf,Love Story (Taylor’s Version),85,235767,0,['Taylor Swift'],['06HL4z0CvFAxyc27GXpf02'],2021-02-12,0.626,0.79,2,-4.302,1,0.0311,0.135,3.97e-06,0.0989,0.416,119.082,4
5pcjystBtalYeqaiXCcgEY,You All Over Me (feat. Maren Morris) (Taylor’s Version) (From The Vault),84,220839,0,"['Taylor Swift', 'Maren Morris']","['06HL4z0CvFAxyc27GXpf02', '6WY7D3jk8zTrHtmkqqo5GI']",2021-03-26,0.589,0.496,2,-7.606,1,0.0377,0.818,0.0,0.101,0.44,142.731,4
4R2kfaDFhslZEMJqAFNpdd,cardigan,83,239560,0,['Taylor Swift'],['06HL4z0CvFAxyc27GXpf02'],2020-07-24,0.613,0.581,0,-8.588,0,0.0424,0.537,0.000345,0.25,0.551,130.033,4
7l2tmgUhV7Y2aJHjiszifg,Mr. Perfectly Fine (Taylor’s Version) (From The Vault),82,277592,0,['Taylor Swift'],['06HL4z0CvFAxyc27GXpf02'],2021-04-07,0.661,0.819,11,-6.269,0,0.0519,0.167,0.0,0.0647,0.724,135.937,4
1u8c2t2Cy7UBoG4ArRcF5g,Blank Space,81,231827,0,['Taylor Swift'],['06HL4z0CvFAxyc27GXpf02'],2014-01-01,0.76,0.703,5,-5.412,1,0.054,0.103,0.0,0.0913,0.57,95.997,4
4pvb0WLRcMtbPGmtejJJ6y,exile (feat. Bon Iver),81,285634,0,"['Taylor Swift', 'Bon Iver']","['06HL4z0CvFAxyc27GXpf02', '4LEiUm1SRbFMgfqnQTwUbQ']",2020-07-24,0.298,0.38,6,-8.426,1,0.0287,0.778,5.62e-05,0.11,0.152,75.602,4
6RRNNciQGZEXnqk8SQ9yv5,You Need To Calm Down,81,171360,0,['Taylor Swift'],['06HL4z0CvFAxyc27GXpf02'],2019-08-23,0.771,0.671,2,-5.617,1,0.0553,0.00929,0.0,0.0637,0.714,85.026,4
0sY6ZUTh4yoctD8VIXz339,champagne problems,81,244000,1,['Taylor Swift'],['06HL4z0CvFAxyc27GXpf02'],2020-12-11,0.462,0.24,0,-12.077,1,0.0377,0.92,0.0,0.113,0.32,171.319,4
1qrpoAMXodY6895hGKoUpA,You Belong With Me (Taylor’s Version),80,231124,0,['Taylor Swift'],['06HL4z0CvFAxyc27GXpf02'],2021-04-09,0.632,0.773,6,-4.856,1,0.0346,0.0623,0.0,0.0885,0.474,130.033,4
2Rk4JlNc2TPmZe2af99d45,ME! (feat. Brendon Urie of Panic! At The Disco),80,193000,0,"['Taylor Swift', 'Brendon Urie', 'Panic! At The Disco']","['06HL4z0CvFAxyc27GXpf02', '6eYFryfcEu3QSq59D62wZQ', '20JZFwl6HVl6yg8a4H3ZqK']",2019-08-23,0.61,0.83,0,-4.105,1,0.0571,0.033,0.0,0.118,0.728,182.162,4
77sMIMlNaSURUAXq5coCxE,Fearless (Taylor’s Version),80,241592,0,['Taylor Swift'],['06HL4z0CvFAxyc27GXpf02'],2021-04-09,0.569,0.741,5,-4.963,1,0.0282,0.0122,0.0,0.333,0.43,100.118,4
0cqRj7pUJDkTCEsJkx8snD,Shake It Off,79,219200,0,['Taylor Swift'],['06HL4z0CvFAxyc27GXpf02'],2014-01-01,0.647,0.8,7,-5.384,1,0.165,0.0647,0.0,0.334,0.942,160.078,4
1dGr1c8CrMLDpV6mPbImSI,Lover,79,221307,0,['Taylor Swift'],['06HL4z0CvFAxyc27GXpf02'],2019-08-23,0.359,0.543,7,-7.582,1,0.0919,0.492,1.58e-05,0.118,0.453,68.534,4
6FB3v4YcR57y4tXFcdxI1E,I Knew You Were Trouble.,79,219720,0,['Taylor Swift'],['06HL4z0CvFAxyc27GXpf02'],2012-10-22,0.622,0.469,3,-6.798,0,0.0363,0.00454,2.25e-06,0.0335,0.679,77.019,4
2nqio0SfWg6gh2eCtfuMa5,Fifteen (Taylor’s Version),79,294419,0,['Taylor Swift'],['06HL4z0CvFAxyc27GXpf02'],2021-04-09,0.559,0.646,7,-4.61,1,0.0272,0.116,0.0,0.32,0.289,95.466,4
3RauEVgRgj1IuWdJ9fDs70,The Man,78,190360,0,['Taylor Swift'],['06HL4z0CvFAxyc27GXpf02'],2019-08-23,0.777,0.658,0,-5.191,1,0.054,0.0767,0.0,0.0901,0.633,110.048,4
550erGcdD9n6PnwxrvYqZT,Hey Stephen (Taylor’s Version),78,254255,0,['Taylor Swift'],['06HL4z0CvFAxyc27GXpf02'],2021-04-09,0.788,0.571,6,-6.135,1,0.0296,0.106,0.0,0.0934,0.797,115.99,4
22bPsP2jCgbLUvh82U0Z3M,The Way I Loved You (Taylor’s Version),78,243137,0,['Taylor Swift'],['06HL4z0CvFAxyc27GXpf02'],2021-04-09,0.402,0.732,5,-4.665,1,0.0484,0.0033,0.0,0.108,0.472,161.032,4
5YL553x8sHderRBDlm3NM3,White Horse (Taylor’s Version),78,234516,0,['Taylor Swift'],['06HL4z0CvFAxyc27GXpf02'],2021-04-09,0.423,0.517,0,-7.377,1,0.0486,0.369,0.0,0.177,0.366,185.262,4
6NFyWDv5CjfwuzoCkw47Xf,Delicate,78,232253,0,['Taylor Swift'],['06HL4z0CvFAxyc27GXpf02'],2017-11-10,0.75,0.404,9,-10.178,0,0.0682,0.216,0.000357,0.0911,0.0499,95.045,4
3fVnlF4pGqWI9flVENcT28,Wildest Dreams,78,220440,0,['Taylor Swift'],['06HL4z0CvFAxyc27GXpf02'],2014-01-01,0.553,0.664,8,-7.417,1,0.0741,0.0709,0.0056,0.106,0.467,140.06,4
0Jlcvv8IykzHaSmj49uNW8,the 1,78,210252,1,['Taylor Swift'],['06HL4z0CvFAxyc27GXpf02'],2020-07-24,0.777,0.357,0,-6.942,1,0.0522,0.757,7.28e-06,0.108,0.172,139.883,4
1D4PL9B8gOg78jiHg3FvBb,Love Story,78,236267,0,['Taylor Swift'],['06HL4z0CvFAxyc27GXpf02'],2008-11-11,0.617,0.741,2,-3.97,1,0.0311,0.131,0.0,0.0772,0.306,118.984,4
0VwNdo84DaVYLIkbVO86ND,We Are Never Ever Getting Back Together,78,193147,0,['Taylor Swift'],['06HL4z0CvFAxyc27GXpf02'],2012-10-22,0.628,0.676,7,-5.911,1,0.0916,0.00957,2.65e-05,0.121,0.75,85.984,4
3hUxzQpSfdDqwM3ZTFQY0K,august,77,261923,0,['Taylor Swift'],['06HL4z0CvFAxyc27GXpf02'],2020-07-24,0.532,0.623,5,-9.208,1,0.0331,0.538,7.28e-05,0.0925,0.403,89.937,4
1P17dC1amhFzptugyAO7Il,Look What You Made Me Do,77,211853,0,['Taylor Swift'],['06HL4z0CvFAxyc27GXpf02'],2017-11-10,0.766,0.709,9,-6.471,0,0.123,0.204,1.41e-05,0.126,0.506,128.07,4
5BK0uqwY9DNfZ630STAEaq,gold rush,77,185320,1,['Taylor Swift'],['06HL4z0CvFAxyc27GXpf02'],2020-12-11,0.512,0.462,9,-10.491,1,0.0408,0.83,0.166,0.121,0.353,112.05,4
1msEuwSBneBKpVCZQcFTsU,Forever & Always (Taylor’s Version),77,225328,0,['Taylor Swift'],['06HL4z0CvFAxyc27GXpf02'],2021-04-09,0.598,0.821,10,-4.433,1,0.0447,0.0231,0.0,0.143,0.673,128.03,4
1BxfuPKGuaTgP7aM0Bbdwr,Cruel Summer,77,178427,0,['Taylor Swift'],['06HL4z0CvFAxyc27GXpf02'],2019-08-23,0.552,0.702,9,-5.707,1,0.157,0.117,2.06e-05,0.105,0.564,169.994,4
7HC7R2D8WjXVcUHJyEGjRs,Breathe (feat. Colbie Caillat) (Taylor’s Version),77,263377,0,"['Taylor Swift', 'Colbie Caillat']","['06HL4z0CvFAxyc27GXpf02', '6aZyMrc4doVtZyKNilOmwu']",2021-04-09,0.506,0.626,1,-6.066,1,0.0287,0.156,0.0,0.228,0.321,148.035,4
6iiAfo4wTA2CVC3Uwx9uh8,You’re Not Sorry (Taylor’s Version),77,261843,0,['Taylor Swift'],['06HL4z0CvFAxyc27GXpf02'],2021-04-09,0.506,0.444,6,-4.99,1,0.0285,0.0538,0.0,0.123,0.241,133.873,4
7eResoqEJJAVTkQYSqvO3P,That’s When (feat. Keith Urban) (Taylor’s Version) (From The Vault),77,189496,0,"['Taylor Swift', 'Keith Urban']","['06HL4z0CvFAxyc27GXpf02', '0u2FHSq3ln94y5Q57xazwf']",2021-04-09,0.588,0.608,5,-7.062,1,0.0365,0.225,0.0,0.092,0.508,90.201,4
0k0vFacOHNuArLWMiH60p7,Tell Me Why (Taylor’s Version),77,200576,0,['Taylor Swift'],['06HL4z0CvFAxyc27GXpf02'],2021-04-09,0.578,0.909,7,-3.669,1,0.0628,0.0222,0.0,0.333,0.541,100.023,4
4uuEGH5SVuzkkSFjo2DEiY,Don’t You (Taylor’s Version) (From The Vault),76,208609,0,['Taylor Swift'],['06HL4z0CvFAxyc27GXpf02'],2021-04-09,0.563,0.473,3,-11.548,1,0.0503,0.514,1.2e-05,0.109,0.405,101.934,4
3RaT22zZsxVYxxKR7TAaYF,"no body, no crime (feat. HAIM)",76,215627,0,"['Taylor Swift', 'HAIM']","['06HL4z0CvFAxyc27GXpf02', '4Ui2kfOqGujY81UcPrb5KE']",2020-12-11,0.546,0.613,7,-7.589,0,0.0264,0.418,0.0,0.103,0.535,79.015,4
34V9RiEPe8MNdU32qJsJa1,We Were Happy (Taylor’s Version) (From The Vault),76,244237,0,['Taylor Swift'],['06HL4z0CvFAxyc27GXpf02'],2021-04-09,0.609,0.373,0,-8.819,1,0.0263,0.849,0.0,0.0779,0.13,106.007,4
0VE4kBnHJUgtMf0dy6DRmW,Getaway Car,75,233627,0,['Taylor Swift'],['06HL4z0CvFAxyc27GXpf02'],2017-11-10,0.562,0.689,2,-6.745,1,0.127,0.00465,2.23e-06,0.0888,0.351,172.054,4
4y5bvROuBDPr5fuwXbIBZR,Paper Rings,75,222400,0,['Taylor Swift'],['06HL4z0CvFAxyc27GXpf02'],2019-08-23,0.811,0.719,9,-6.553,1,0.0497,0.0129,1.36e-05,0.0742,0.865,103.979,4
0tQ9vBYpldCuikPsbgOVKA,Untouchable (Taylor’s Version),75,312107,0,['Taylor Swift'],['06HL4z0CvFAxyc27GXpf02'],2021-04-09,0.393,0.531,5,-6.112,1,0.0329,0.0181,0.0,0.169,0.224,200.391,4
3ExweHKZF9B752DPQByRVT,Change (Taylor’s Version),75,279360,0,['Taylor Swift'],['06HL4z0CvFAxyc27GXpf02'],2021-04-09,0.499,0.815,5,-4.063,1,0.0341,0.000191,0.0,0.181,0.344,95.999,4
2m3ObD945KvpE5y9A1eUWm,Jump Then Fall (Taylor’s Version),75,237580,0,['Taylor Swift'],['06HL4z0CvFAxyc27GXpf02'],2021-04-09,0.572,0.69,2,-6.201,1,0.0358,0.0474,0.0,0.0897,0.624,160.111,4
6ON9UuIq49xXY9GPmHIYRp,The Best Day (Taylor’s Version),75,245290,0,['Taylor Swift'],['06HL4z0CvFAxyc27GXpf02'],2021-04-09,0.642,0.576,1,-8.524,1,0.0282,0.488,0.0,0.159,0.469,125.0,4
4qUijfYU8EoIWiY6oSyrgT,Bye Bye Baby (Taylor’s Version) (From The Vault),75,242158,0,['Taylor Swift'],['06HL4z0CvFAxyc27GXpf02'],2021-04-09,0.624,0.624,5,-7.86,1,0.0539,0.334,0.0,0.0995,0.527,80.132,4
2JoJrsEV15OzbijS47lids,Today Was A Fairytale (Taylor’s Version),75,241822,0,['Taylor Swift'],['06HL4z0CvFAxyc27GXpf02'],2021-04-09,0.482,0.779,7,-5.025,1,0.0409,0.0135,0.0,0.296,0.328,158.162,4
01QdEx6kFr78ZejhQtWR5m,Forever & Always (Piano Version) (Taylor’s Version),75,267833,0,['Taylor Swift'],['06HL4z0CvFAxyc27GXpf02'],2021-04-09,0.546,0.273,9,-9.208,1,0.0308,0.819,0.0,0.137,0.271,118.753,4
5kI4eCXXzyuIUXjQra0Cxi,betty,75,294521,1,['Taylor Swift'],['06HL4z0CvFAxyc27GXpf02'],2020-07-24,0.593,0.377,0,-8.761,1,0.0253,0.6,0.0,0.0976,0.502,95.939,4
1GEBsLDvJGw7kviySRI6GX,You Belong With Me,74,232120,0,['Taylor Swift'],['06HL4z0CvFAxyc27GXpf02'],2008-11-11,0.687,0.745,6,-4.432,1,0.0379,0.178,1.59e-05,0.111,0.435,129.966,4
1n2wszmJyVkw6FHqyLnQsY,Come In With The Rain (Taylor’s Version),74,237339,0,['Taylor Swift'],['06HL4z0CvFAxyc27GXpf02'],2021-04-09,0.476,0.564,2,-5.677,1,0.0269,0.0406,0.0,0.102,0.167,143.929,4
1cSFlSBdpT4F5vb1frQ231,The Other Side Of The Door (Taylor’s Version),74,238444,0,['Taylor Swift'],['06HL4z0CvFAxyc27GXpf02'],2021-04-09,0.432,0.873,4,-4.367,1,0.0577,0.0279,0.0,0.167,0.629,163.936,4
43rA71bccXFGD4C8GOpIlN,I Forgot That You Existed,74,170640,0,['Taylor Swift'],['06HL4z0CvFAxyc27GXpf02'],2019-08-23,0.664,0.316,5,-10.345,1,0.519,0.298,2.03e-06,0.0812,0.541,92.875,4
7dW84mWkdWE5a6lFWxJCBG,‘tis the damn season,74,229840,0,['Taylor Swift'],['06HL4z0CvFAxyc27GXpf02'],2020-12-11,0.575,0.434,5,-8.193,1,0.0312,0.735,6.59e-05,0.105,0.348,145.916,4
6VsvKPJ4xjVNKpI8VVZ3SV,invisible string,74,252881,0,['Taylor Swift'],['06HL4z0CvFAxyc27GXpf02'],2020-07-24,0.653,0.452,4,-11.143,0,0.055,0.838,7.73e-05,0.108,0.45,83.433,4
0PurA4JVJ8YQgSVopY8fn6,tolerate it,74,245440,1,['Taylor Swift'],['06HL4z0CvFAxyc27GXpf02'],2020-12-11,0.316,0.361,9,-10.381,1,0.0488,0.878,2.67e-05,0.0797,0.221,74.952,5
1MgV7FIyNxIG7WzMRJV5HC,my tears ricochet,74,255894,0,['Taylor Swift'],['06HL4z0CvFAxyc27GXpf02'],2020-07-24,0.456,0.263,0,-10.63,1,0.0332,0.806,0.0,0.0749,0.111,129.86,4
2Eeur20xVqfUoM3Q7EFPFt,the last great american dynasty,74,230999,1,['Taylor Swift'],['06HL4z0CvFAxyc27GXpf02'],2020-07-24,0.686,0.662,7,-8.505,1,0.0413,0.467,0.0023,0.109,0.706,147.922,4
19CSr8rwW05VJL2F91KFNK,ivy,73,260440,1,['Taylor Swift'],['06HL4z0CvFAxyc27GXpf02'],2020-12-11,0.515,0.545,2,-9.277,1,0.0353,0.855,1.97e-05,0.0921,0.535,88.856,4
2yLa0QULdQr0qAIvVwN6B5,...Ready For It?,73,208187,0,['Taylor Swift'],['06HL4z0CvFAxyc27GXpf02'],2017-11-10,0.613,0.764,2,-6.509,1,0.136,0.0527,0.0,0.197,0.417,160.015,4
2NmsngXHeC1GQ9wWrzhOMf,illicit affairs,73,190898,0,['Taylor Swift'],['06HL4z0CvFAxyc27GXpf02'],2020-07-24,0.559,0.31,10,-10.445,1,0.0338,0.881,0.0,0.106,0.46,119.845,4
3zwMVvkBe2qIKDObWgXw4N,right where you left me - bonus track,73,245027,0,['Taylor Swift'],['06HL4z0CvFAxyc27GXpf02'],2021-01-07,0.581,0.619,10,-6.524,1,0.0282,0.769,0.000106,0.117,0.645,137.915,4
0ug5NqcwcFR2xrfTkc7k8e,Style,73,231000,0,['Taylor Swift'],['06HL4z0CvFAxyc27GXpf02'],2014-01-01,0.588,0.791,7,-5.595,1,0.0402,0.00245,0.00258,0.118,0.487,94.933,4
51A8eKvvZz9uydvIZ7xRSV,Superstar (Taylor’s Version),73,263865,0,['Taylor Swift'],['06HL4z0CvFAxyc27GXpf02'],2021-04-09,0.454,0.555,2,-6.69,1,0.0283,0.157,0.0,0.343,0.171,171.862,4
4svZDCRz4cJoneBpjpx8DJ,I Did Something Bad,73,238253,0,['Taylor Swift'],['06HL4z0CvFAxyc27GXpf02'],2017-11-10,0.696,0.602,0,-6.156,0,0.159,0.0679,2.11e-05,0.0696,0.305,82.989,4
1R0a2iXumgCiFb7HEZ7gUE,Don’t Blame Me,73,236413,0,['Taylor Swift'],['06HL4z0CvFAxyc27GXpf02'],2017-11-10,0.615,0.534,9,-6.719,0,0.0386,0.106,1.76e-05,0.0607,0.193,135.917,4
3O5osWf1rSoKMwe6E9ZaXP,evermore (feat. Bon Iver),73,304107,0,"['Taylor Swift', 'Bon Iver']","['06HL4z0CvFAxyc27GXpf02', '4LEiUm1SRbFMgfqnQTwUbQ']",2020-12-11,0.39,0.27,1,-10.673,1,0.0308,0.937,0.00227,0.111,0.32,125.177,5
7kt9e9LFSpN1zQtYEl19o1,this is me trying,73,195097,0,['Taylor Swift'],['06HL4z0CvFAxyc27GXpf02'],2020-07-24,0.515,0.476,9,-9.843,1,0.0328,0.314,4.74e-05,0.171,0.412,135.886,4
6ce41JVa6KFaryfmC2bu2W,22,73,232120,0,['Taylor Swift'],['06HL4z0CvFAxyc27GXpf02'],2012-10-22,0.661,0.729,7,-6.561,1,0.0376,0.00215,0.0013,0.0477,0.668,103.987,4
0ZNU020wNYvgW84iljPkPP,mirrorball,73,208978,0,['Taylor Swift'],['06HL4z0CvFAxyc27GXpf02'],2020-07-24,0.553,0.413,2,-10.037,1,0.0334,0.687,2.33e-06,0.0594,0.379,110.107,4
73YUReisjb3A9ActdLLjJQ,happiness,72,315147,1,['Taylor Swift'],['06HL4z0CvFAxyc27GXpf02'],2020-12-11,0.559,0.334,11,-10.733,1,0.0376,0.87,0.0,0.114,0.211,122.079,4
2x0WlnmfG39ZuDmstl9xfX,End Game,72,244827,0,"['Taylor Swift', 'Ed Sheeran', 'Future']","['06HL4z0CvFAxyc27GXpf02', '6eUKZXaKkcviH0Ku9w2n3V', '1RyvyyTE3xzB2ZywiAwp0i']",2017-11-10,0.649,0.589,2,-6.237,1,0.0558,0.00845,0.0,0.108,0.151,159.073,4
1ZY1PqizIl78geGM4xWlEA,Gorgeous,72,209680,0,['Taylor Swift'],['06HL4z0CvFAxyc27GXpf02'],2017-11-10,0.8,0.535,7,-6.684,1,0.135,0.0713,9.48e-06,0.213,0.451,92.027,4
6KJqZcs9XDgVck7Lg9QOTC,seven,72,208907,0,['Taylor Swift'],['06HL4z0CvFAxyc27GXpf02'],2020-07-24,0.596,0.488,4,-10.769,1,0.0274,0.9,2.7e-05,0.091,0.415,94.926,4
2o2sgVJIgFXk8GQjWTgI6U,long story short,72,215920,0,['Taylor Swift'],['06HL4z0CvFAxyc27GXpf02'],2020-12-11,0.546,0.73,0,-7.704,1,0.0417,0.66,0.179,0.0972,0.573,157.895,4
3k7ne7VmH43ZPWxPdvPUgR,coney island (feat. The National),72,275320,0,"['Taylor Swift', 'The National']","['06HL4z0CvFAxyc27GXpf02', '2cCUtGK9sDU2EoElnk0GNB']",2020-12-11,0.537,0.537,8,-11.266,1,0.0617,0.819,0.000904,0.142,0.292,107.895,4
6GNRkaWUB0Lwc19SdkTgx8,All Too Well,71,329160,0,['Taylor Swift'],['06HL4z0CvFAxyc27GXpf02'],2012-10-22,0.602,0.609,0,-7.803,1,0.0243,0.0382,0.0002,0.128,0.337,93.06,4
1XjHRolIXL2M1EEOUsGGR4,cowboy like me,71,275040,1,['Taylor Swift'],['06HL4z0CvFAxyc27GXpf02'],2020-12-11,0.604,0.517,0,-9.014,1,0.0347,0.768,0.000155,0.123,0.511,127.967,4
12M5uqx0ZuwkpLp5rJim1a,Cornelia Street,71,287267,0,['Taylor Swift'],['06HL4z0CvFAxyc27GXpf02'],2019-08-23,0.824,0.624,0,-9.728,1,0.0827,0.781,0.000189,0.1,0.248,102.012,4
1LLXZFeAHK9R4xUramtUKw,London Boy,71,190240,0,['Taylor Swift'],['06HL4z0CvFAxyc27GXpf02'],2019-08-23,0.695,0.71,1,-6.639,1,0.05,0.0246,0.000104,0.133,0.557,157.925,4
2dgFqt3w9xIQRjhPtwNk3D,Death By A Thousand Cuts,71,198533,0,['Taylor Swift'],['06HL4z0CvFAxyc27GXpf02'],2019-08-23,0.712,0.732,4,-6.754,1,0.0629,0.454,0.0,0.319,0.313,94.071,4
670fUmXf4KQekzbEgaXyPA,dorothea,71,225880,0,['Taylor Swift'],['06HL4z0CvFAxyc27GXpf02'],2020-12-11,0.605,0.488,4,-8.322,1,0.0264,0.696,0.0,0.129,0.354,119.966,4
2QDyYdZyhlP2fp79KZX8Bi,mad woman,71,237258,1,['Taylor Swift'],['06HL4z0CvFAxyc27GXpf02'],2020-07-24,0.592,0.699,3,-8.995,1,0.0471,0.655,1.68e-05,0.114,0.506,141.916,4
7MbT4I8qGntX4fMdqMQgke,peace,70,234000,1,['Taylor Swift'],['06HL4z0CvFAxyc27GXpf02'],2020-07-24,0.647,0.272,5,-12.906,1,0.0916,0.918,1.73e-05,0.0918,0.339,150.044,4
08fa9LFcFBTcilB3iq2e2A,epiphany,70,289749,0,['Taylor Swift'],['06HL4z0CvFAxyc27GXpf02'],2020-07-24,0.354,0.267,1,-13.69,1,0.0281,0.731,0.000402,0.0858,0.113,94.219,4
0TvQLMecTE8utzoNmvXRbK,Bad Blood,70,211933,0,['Taylor Swift'],['06HL4z0CvFAxyc27GXpf02'],2014-01-01,0.652,0.802,7,-6.114,1,0.181,0.0871,6.45e-06,0.148,0.295,170.157,4
1SymEzIT3H8UZfibCs3TYi,Afterglow,70,223293,0,['Taylor Swift'],['06HL4z0CvFAxyc27GXpf02'],2019-08-23,0.756,0.449,9,-8.746,1,0.0344,0.13,0.0,0.114,0.399,111.011,4
1GwMQaZz6Au3QLDbjbMdme,Call It What You Want,70,203507,0,['Taylor Swift'],['06HL4z0CvFAxyc27GXpf02'],2017-11-10,0.598,0.504,9,-9.874,1,0.0731,0.186,0.000221,0.34,0.252,163.954,4
214nt20w5wOxJnY462klLw,Miss Americana & The Heartbreak Prince,70,234147,0,['Taylor Swift'],['06HL4z0CvFAxyc27GXpf02'],2019-08-23,0.662,0.747,11,-6.926,0,0.0736,0.028,0.00615,0.138,0.487,150.088,4
2YWtcWi3a83pdEg3Gif4Pd,I Think He Knows,70,173387,0,['Taylor Swift'],['06HL4z0CvFAxyc27GXpf02'],2019-08-23,0.897,0.366,0,-8.029,1,0.0569,0.00889,0.000353,0.0715,0.416,100.003,4
15DeqWWQB4dcEWzJg15VrN,Our Song,70,201107,0,['Taylor Swift'],['06HL4z0CvFAxyc27GXpf02'],2006-10-24,0.668,0.672,2,-4.931,1,0.0303,0.111,0.0,0.329,0.539,89.011,4
3pHkh7d0lzM2AldUtz2x37,The Archer,70,211240,0,['Taylor Swift'],['06HL4z0CvFAxyc27GXpf02'],2019-08-23,0.292,0.574,0,-9.375,1,0.0401,0.12,0.00569,0.0663,0.166,124.344,4
7HuBDWi18s4aJM8UFnNheH,King Of My Heart,69,214320,0,['Taylor Swift'],['06HL4z0CvFAxyc27GXpf02'],2017-11-10,0.675,0.703,0,-7.902,1,0.0382,0.00882,2.21e-06,0.0391,0.314,110.01,4
6oVxXO5oQ4pTpO8RSnkzvv,Dress,69,230373,0,['Taylor Swift'],['06HL4z0CvFAxyc27GXpf02'],2017-11-10,0.719,0.469,0,-8.792,1,0.0533,0.0329,0.0,0.169,0.0851,120.085,4
7I7JbDv63ZJJsSi24DyJrz,Dancing With Our Hands Tied,69,211507,0,['Taylor Swift'],['06HL4z0CvFAxyc27GXpf02'],2017-11-10,0.624,0.691,0,-6.686,0,0.196,0.0604,1.1e-05,0.138,0.284,160.024,4
5hQSXkFgbxjZo9uCwd11so,False God,68,200307,0,['Taylor Swift'],['06HL4z0CvFAxyc27GXpf02'],2019-08-23,0.739,0.32,11,-10.862,0,0.239,0.736,0.000147,0.111,0.351,79.97,4
5l6GqSxplqnZbLg0LTPQeG,Back To December,68,293040,0,['Taylor Swift'],['06HL4z0CvFAxyc27GXpf02'],2010-01-01,0.517,0.606,2,-5.797,1,0.0289,0.0202,0.0,0.324,0.296,141.929,4
1fzAuUVbzlhZ1lJAx9PtY6,Daylight,68,293453,0,['Taylor Swift'],['06HL4z0CvFAxyc27GXpf02'],2019-08-23,0.557,0.496,0,-9.602,1,0.0563,0.808,0.000173,0.0772,0.265,149.983,4
3Z1kZKYfRC8iRXnYeC5sCJ,Everything Has Changed,68,245413,0,"['Taylor Swift', 'Ed Sheeran']","['06HL4z0CvFAxyc27GXpf02', '6eUKZXaKkcviH0Ku9w2n3V']",2012-10-22,0.624,0.458,6,-6.755,1,0.0287,0.36,3.89e-06,0.311,0.436,80.016,4
0qUnBLZ8bJqUNEeQgayL9t,Out Of The Woods,67,235800,0,['Taylor Swift'],['06HL4z0CvFAxyc27GXpf02'],2014-01-01,0.553,0.841,7,-6.937,1,0.0396,0.000743,1.19e-05,0.341,0.338,92.008,4
4AYtqFyFbX0Xkc2wtcygTr,Soon You’ll Get Better (feat. The Chicks),67,201587,0,"['Taylor Swift', 'The Chicks']","['06HL4z0CvFAxyc27GXpf02', '25IG9fa7cbdmCIy3OnuH57']",2019-08-23,0.433,0.182,0,-12.566,1,0.0641,0.907,0.0,0.123,0.421,207.476,4
07NxDD1iKCHbAldceD7QLP,This Is Why We Can't Have Nice Things,67,207133,0,['Taylor Swift'],['06HL4z0CvFAxyc27GXpf02'],2017-11-10,0.567,0.789,5,-5.986,1,0.115,0.0156,0.0,0.382,0.438,163.96,4
0dBW6ZsW8skfvoRfgeerBF,Mine,66,230707,0,['Taylor Swift'],['06HL4z0CvFAxyc27GXpf02'],2010-10-25,0.624,0.757,7,-2.94,1,0.0296,0.00265,1.87e-06,0.189,0.658,121.07,4
6rZVy6FIG7lSJQMFXHo12z,New Romantics,66,230467,0,['Taylor Swift'],['06HL4z0CvFAxyc27GXpf02'],2014-10-27,0.633,0.889,5,-5.87,1,0.0715,0.00463,0.000458,0.0658,0.584,121.956,4
7F5oktn5YOsR9eR5YsFtqb,New Year’s Day,66,235467,0,['Taylor Swift'],['06HL4z0CvFAxyc27GXpf02'],2017-11-10,0.661,0.151,0,-12.864,1,0.0354,0.921,0.0,0.13,0.23,94.922,4
1SmiQ65iSAbPto6gPFlBYm,It’s Nice To Have A Friend,66,150440,0,['Taylor Swift'],['06HL4z0CvFAxyc27GXpf02'],2019-08-23,0.737,0.175,10,-9.912,1,0.0401,0.971,0.000337,0.171,0.545,70.008,4
1MaqkdFNIKPdpQGDzme5ss,Two Is Better Than One (feat. Taylor Swift),66,242840,0,"['Boys Like Girls', 'Taylor Swift']","['0vWCyXMrrvMlCcepuOJaGI', '06HL4z0CvFAxyc27GXpf02']",2009-09-07,0.521,0.702,0,-5.189,1,0.0331,0.189,0.0,0.0962,0.25,127.976,4
0z9UVN8VBHJ9HdfYsOuuNf,Safe & Sound - from The Hunger Games Soundtrack,66,240067,0,"['Taylor Swift', 'The Civil Wars']","['06HL4z0CvFAxyc27GXpf02', '6J7rw7NELJUCThPbAfyLIE']",2012-01-01,0.471,0.3,7,-10.807,1,0.028,0.883,1.05e-05,0.0698,0.289,144.319,4
4wFUdSCer8bdQsrp1M90sa,Highway Don't Care,66,276880,0,"['Tim McGraw', 'Taylor Swift', 'Keith Urban']","['6roFdX1y5BYSbp60OTJWMd', '06HL4z0CvFAxyc27GXpf02', '0u2FHSq3ln94y5Q57xazwf']",2013-01-01,0.47,0.79,2,-5.352,1,0.039,0.0216,0.0,0.0863,0.495,158.061,4
32mVHdy0bi1XKgr0ajsBlG,Picture To Burn,65,173067,0,['Taylor Swift'],['06HL4z0CvFAxyc27GXpf02'],2006-10-24,0.658,0.877,7,-2.098,1,0.0323,0.173,0.0,0.0962,0.821,105.586,4
5P4wWhUYWM0IaVYLuZxdar,The Way I Loved You,65,244227,0,['Taylor Swift'],['06HL4z0CvFAxyc27GXpf02'],2008-11-11,0.433,0.7,5,-3.709,1,0.0336,0.0408,0.0,0.115,0.398,160.927,4
1By2VQkUN0Frd8mKNV5NYC,Better Than Revenge,65,217160,0,['Taylor Swift'],['06HL4z0CvFAxyc27GXpf02'],2010-10-25,0.516,0.917,11,-3.186,0,0.0827,0.0139,6.37e-06,0.36,0.635,145.821,4
0Om9WAB5RS09L80DyOfTNa,Tim McGraw,65,232107,0,['Taylor Swift'],['06HL4z0CvFAxyc27GXpf02'],2006-10-24,0.58,0.491,0,-6.462,1,0.0251,0.575,0.0,0.121,0.425,76.009,4
5yEPktRqvIhko5QFF3aBhQ,Mean,65,237733,0,['Taylor Swift'],['06HL4z0CvFAxyc27GXpf02'],2010-10-25,0.568,0.761,4,-3.987,1,0.0459,0.452,0.0,0.217,0.789,163.974,4
6Eu31gddWw0gOGO506pJYA,Fearless,64,241987,0,['Taylor Swift'],['06HL4z0CvFAxyc27GXpf02'],2008-11-11,0.594,0.712,5,-4.418,1,0.0273,0.04,0.0,0.309,0.476,99.972,4
10nqz67NQWWa7XPq7ycihi,Welcome To New York,64,212600,0,['Taylor Swift'],['06HL4z0CvFAxyc27GXpf02'],2014-01-01,0.793,0.634,7,-4.807,1,0.0324,0.038,1.76e-06,0.304,0.615,117.023,4
1NmVZsG18CzCAtw7rnV3yA,Clean,64,271000,0,['Taylor Swift'],['06HL4z0CvFAxyc27GXpf02'],2014-01-01,0.815,0.377,4,-7.754,1,0.0346,0.232,0.0,0.1,0.211,103.97,4
04S1pkp1VaIqjg8zZqknR5,Enchanted,64,352200,0,['Taylor Swift'],['06HL4z0CvFAxyc27GXpf02'],2010-01-01,0.535,0.618,8,-3.913,1,0.0273,0.0716,0.000388,0.169,0.228,81.975,4
4yBEU0askBZzE2XEVdEwmx,Red,64,223093,0,['Taylor Swift'],['06HL4z0CvFAxyc27GXpf02'],2012-10-22,0.602,0.896,1,-4.267,0,0.0437,0.0773,8.87e-05,0.0911,0.641,124.978,4
3RBluWmSoG2pGA1OePzGJI,The Story Of Us,64,265667,0,['Taylor Swift'],['06HL4z0CvFAxyc27GXpf02'],2010-10-25,0.543,0.818,4,-3.611,1,0.0398,0.00478,0.000368,0.0357,0.683,139.898,4
4t0OI7XrODjSkAu3bTPmWj,Fifteen,64,294333,0,['Taylor Swift'],['06HL4z0CvFAxyc27GXpf02'],2008-11-11,0.556,0.651,7,-4.396,1,0.0266,0.067,0.0,0.145,0.203,95.485,4
5vyxXfD5gLlyPxGZMEjtmd,Crazier,63,191947,0,['Taylor Swift'],['06HL4z0CvFAxyc27GXpf02'],2009-01-01,0.452,0.544,4,-5.423,1,0.0277,0.0631,5.33e-06,0.104,0.158,133.042,3
16MVSD0mGI4RMQT83Qzm69,Should've Said No,63,242200,0,['Taylor Swift'],['06HL4z0CvFAxyc27GXpf02'],2006-10-24,0.476,0.777,4,-3.771,0,0.0289,0.0103,0.0,0.196,0.472,167.964,4
1ubvV5ECkm6nSI6g1HmbBK,Dear John,63,403920,0,['Taylor Swift'],['06HL4z0CvFAxyc27GXpf02'],2010-10-25,0.589,0.47,4,-5.32,1,0.028,0.166,1.45e-06,0.112,0.102,119.386,3
6wn61Fzx9XMxQmieLpoIhW,White Horse,63,234427,0,['Taylor Swift'],['06HL4z0CvFAxyc27GXpf02'],2008-11-11,0.578,0.34,0,-8.027,1,0.0264,0.305,0.0,0.104,0.223,92.702,4
4NNolUeL5m2ju7kf8pdg6H,All You Had To Do Was Stay,62,193293,0,['Taylor Swift'],['06HL4z0CvFAxyc27GXpf02'],2014-01-01,0.602,0.735,5,-5.778,1,0.0337,0.00196,4.77e-05,0.105,0.472,96.969,4
6d9IiDcFxtFVIvt9pCqyGH,Sparks Fly,62,260933,0,['Taylor Swift'],['06HL4z0CvFAxyc27GXpf02'],2010-10-25,0.605,0.787,5,-3.002,1,0.0308,0.0396,1.42e-06,0.163,0.374,114.987,4
4L560fic5PaTuCFm6CviKa,This Love,61,250093,0,['Taylor Swift'],['06HL4z0CvFAxyc27GXpf02'],2014-01-01,0.481,0.435,4,-8.795,1,0.0321,0.678,0.0,0.0928,0.107,143.95,4
6RvRzl1YJTDnUvdOtV21IK,Wonderland,61,245560,0,['Taylor Swift'],['06HL4z0CvFAxyc27GXpf02'],2014-01-01,0.422,0.692,3,-5.447,1,0.0549,0.0493,2.57e-05,0.177,0.197,184.014,4
0fM9dEhUFV4MHDuJgrcfOv,How You Get The Girl,61,247533,0,['Taylor Swift'],['06HL4z0CvFAxyc27GXpf02'],2014-01-01,0.765,0.656,5,-6.112,1,0.0504,0.00364,0.00868,0.0918,0.545,119.997,4
2KrOAg6FftbjgSKdd2a4rS,You Are In Love,61,267107,0,['Taylor Swift'],['06HL4z0CvFAxyc27GXpf02'],2014-01-01,0.474,0.48,2,-8.894,1,0.0622,0.707,0.000108,0.0903,0.319,170.109,4
0L4YCNRfXAoTvdpWeH2RGj,Begin Again,61,237613,0,['Taylor Swift'],['06HL4z0CvFAxyc27GXpf02'],2012-10-22,0.53,0.526,7,-8.349,1,0.0263,0.199,3.52e-06,0.232,0.323,79.025,4
5gRYrtvyVyaCRvLt56OfuV,I Wish You Would,60,207440,0,['Taylor Swift'],['06HL4z0CvFAxyc27GXpf02'],2014-01-01,0.653,0.893,0,-5.966,1,0.0538,0.0158,4.95e-05,0.102,0.513,118.035,4
2Tz4JnXZOcjcp8fWfMjBBk,The Last Time,60,299013,0,"['Taylor Swift', 'Gary Lightbody']","['06HL4z0CvFAxyc27GXpf02', '3fCQnw6VSudXBTN5d2QP2z']",2012-10-22,0.505,0.443,2,-7.039,1,0.0276,0.035,3.15e-06,0.0906,0.123,94.069,4
47HtKpfzpAt8rQjjXWotFj,Forever & Always,60,225320,0,['Taylor Swift'],['06HL4z0CvFAxyc27GXpf02'],2008-11-11,0.608,0.821,10,-4.985,1,0.0576,0.0752,0.0,0.11,0.544,128.042,4
4WXzzCof26KJLTK5kK53dS,Hey Stephen,59,254307,0,['Taylor Swift'],['06HL4z0CvFAxyc27GXpf02'],2008-11-11,0.841,0.544,6,-7.347,1,0.0309,0.194,2.48e-06,0.108,0.831,115.994,4
1D27z8xNzjW0Mwwt1NCWhJ,Last Kiss,59,367133,0,['Taylor Swift'],['06HL4z0CvFAxyc27GXpf02'],2010-10-25,0.371,0.341,10,-9.475,1,0.0319,0.57,3.09e-05,0.101,0.196,89.038,1
2zfgVd034GlUvk7LqBHl6u,I Know Places,59,195707,0,['Taylor Swift'],['06HL4z0CvFAxyc27GXpf02'],2014-10-27,0.602,0.755,0,-4.991,1,0.071,0.245,0.0,0.178,0.495,159.965,4
5zyCYmiaVE5y26EZuwZbsw,State Of Grace,59,295187,0,['Taylor Swift'],['06HL4z0CvFAxyc27GXpf02'],2012-10-22,0.588,0.825,4,-5.882,1,0.0328,0.000197,0.00138,0.0885,0.397,129.968,4
1eyqSYBCTane4rl4vc6PWJ,I Almost Do,59,244560,0,['Taylor Swift'],['06HL4z0CvFAxyc27GXpf02'],2012-10-22,0.567,0.481,4,-7.357,1,0.027,0.0173,4.13e-05,0.182,0.233,145.865,4
7dXKdjpOaH2iwfFKmUj7aq,Speak Now,59,240773,0,['Taylor Swift'],['06HL4z0CvFAxyc27GXpf02'],2010-01-01,0.708,0.601,7,-3.75,1,0.0306,0.101,0.0,0.0979,0.742,118.962,4
7nECwCDHS1JvQbrmuorZIH,Treacherous,58,242760,0,['Taylor Swift'],['06HL4z0CvFAxyc27GXpf02'],2012-10-22,0.704,0.621,2,-8.086,1,0.0334,0.101,4.3e-06,0.14,0.395,109.995,4
3KmYVOuK2eG7LGP7qQ8DLR,Holy Ground,58,202960,0,['Taylor Swift'],['06HL4z0CvFAxyc27GXpf02'],2012-10-22,0.627,0.816,4,-6.698,1,0.0774,0.0162,0.00208,0.0965,0.648,157.043,4
1EQn3Uc5AyUXoiPLeyCrrg,Ours,58,237920,0,['Taylor Swift'],['06HL4z0CvFAxyc27GXpf02'],2010-10-25,0.608,0.569,0,-7.227,1,0.0284,0.537,0.0,0.097,0.238,159.845,4
4pFvEWbjBpPUdYRQly0THs,Today Was A Fairytale,57,242480,0,['Taylor Swift'],['06HL4z0CvFAxyc27GXpf02'],2011-02-15,0.491,0.703,7,-4.5,1,0.0319,0.0307,5.72e-06,0.167,0.344,157.988,4
2dzk2z7MXl0peRhBUsDq4d,Breathe,57,264960,0,"['Taylor Swift', 'Colbie Caillat']","['06HL4z0CvFAxyc27GXpf02', '6aZyMrc4doVtZyKNilOmwu']",2008-11-11,0.491,0.475,1,-7.405,1,0.0268,0.37,0.0,0.118,0.174,147.988,4
1x0J8LFX23d5h1zzuzZorc,Stay Stay Stay,57,204827,0,['Taylor Swift'],['06HL4z0CvFAxyc27GXpf02'],2012-10-22,0.729,0.748,0,-6.67,1,0.0245,0.307,1.29e-06,0.09,0.928,99.981,4
0HmCuN0Z3OX1Qrz43FLOPL,You're Not Sorry,57,261787,0,['Taylor Swift'],['06HL4z0CvFAxyc27GXpf02'],2008-11-11,0.475,0.452,6,-4.134,1,0.027,0.146,1.36e-06,0.108,0.276,133.959,4
74WBGgUnpKrJXt6TETfR6Z,Never Grow Up,57,290467,0,['Taylor Swift'],['06HL4z0CvFAxyc27GXpf02'],2010-10-25,0.714,0.305,2,-8.837,1,0.0305,0.819,0.0,0.174,0.554,124.91,4
3r9bgSJlJz2zlevcBRYXko,Both of Us (feat. Taylor Swift),57,216120,1,"['B.o.B', 'Taylor Swift']","['5ndkK3dpZLKtBklKjxNQwT', '06HL4z0CvFAxyc27GXpf02']",2012-04-27,0.677,0.722,7,-7.088,1,0.0522,0.0213,0.0,0.207,0.0483,125.091,4
11UaQaEp2LvdspTyyuE3ur,Haunted,57,242080,0,['Taylor Swift'],['06HL4z0CvFAxyc27GXpf02'],2010-10-25,0.436,0.95,5,-2.627,1,0.057,0.0826,1.08e-06,0.149,0.352,162.088,4
1n8rB9AhxiAvVP1E2c3yOd,Come Back...Be Here,56,223920,0,['Taylor Swift'],['06HL4z0CvFAxyc27GXpf02'],2012-10-22,0.483,0.548,4,-6.291,1,0.0254,0.00471,2.01e-06,0.0997,0.217,79.926,4
5VQLMrWhailAhErKNUSnv1,The Lucky One,56,240267,0,['Taylor Swift'],['06HL4z0CvFAxyc27GXpf02'],2012-10-22,0.706,0.499,4,-7.675,1,0.0369,0.0371,0.0,0.132,0.545,117.937,4
3esA216TyLHEkNiBCeCmcg,The Best Day,56,245333,0,['Taylor Swift'],['06HL4z0CvFAxyc27GXpf02'],2008-11-11,0.666,0.434,1,-8.543,1,0.0289,0.647,1.95e-06,0.124,0.396,126.084,4
1gL4vMhDV3RgJQmDuY5HK1,Starlight,56,220600,0,['Taylor Swift'],['06HL4z0CvFAxyc27GXpf02'],2012-10-22,0.649,0.777,9,-5.804,1,0.0406,0.0213,0.000335,0.21,0.587,126.018,4
3rnI1UCyGJvUTVvT97VQr5,Tell Me Why,56,200547,0,['Taylor Swift'],['06HL4z0CvFAxyc27GXpf02'],2008-11-11,0.604,0.855,7,-3.097,1,0.038,0.0571,3.65e-06,0.343,0.51,99.96,4
70e9zuv2pJc7ON1OUAJ1zl,Sad Beautiful Tragic,56,284867,0,['Taylor Swift'],['06HL4z0CvFAxyc27GXpf02'],2012-10-22,0.624,0.34,7,-12.411,1,0.029,0.632,0.0337,0.0805,0.261,129.987,3
4qTAwKJQ68gmnrnfPD3vlO,The Moment I Knew,55,286613,0,['Taylor Swift'],['06HL4z0CvFAxyc27GXpf02'],2012-10-22,0.619,0.506,7,-7.327,1,0.0315,0.187,1.47e-05,0.101,0.274,126.03,4
08gavXombT6KR0af88i9tA,Jump Then Fall,55,237067,0,['Taylor Swift'],['06HL4z0CvFAxyc27GXpf02'],2008-11-11,0.618,0.687,2,-5.737,1,0.0271,0.111,0.0,0.0693,0.82,79.991,4
0vvt4IZOMkRug195S4MUq0,If This Was A Movie,55,234547,0,['Taylor Swift'],['06HL4z0CvFAxyc27GXpf02'],2010-10-25,0.511,0.719,4,-3.457,1,0.0265,0.166,4.54e-06,0.34,0.289,147.852,4
2QrQCMel6v2JiLxqrg4p2O,Mary's Song (Oh My My My),55,213080,0,['Taylor Swift'],['06HL4z0CvFAxyc27GXpf02'],2006-10-24,0.403,0.627,2,-5.28,1,0.0292,0.0177,0.0,0.182,0.374,74.9,4
0JIdBrXGSJXS72zjF9ss9u,I'm Only Me When I'm With You,55,213053,0,['Taylor Swift'],['06HL4z0CvFAxyc27GXpf02'],2006-10-24,0.563,0.934,8,-3.629,1,0.0646,0.00452,0.000807,0.103,0.518,143.964,4
13MAWVUSkbGMUi6I7RowRK,Forever & Always - Piano Version,55,267507,0,['Taylor Swift'],['06HL4z0CvFAxyc27GXpf02'],2008-11-11,0.592,0.16,9,-10.785,1,0.0347,0.852,0.0,0.116,0.294,118.929,4
2IZ00ed83ygPIiacYScWUE,Untouchable,54,311040,0,['Taylor Swift'],['06HL4z0CvFAxyc27GXpf02'],2008-11-11,0.419,0.454,5,-6.809,1,0.0335,0.0583,3.78e-06,0.0974,0.288,200.017,4
1yACRKAwlXWhXXFUSkvzhD,Change,54,280240,0,['Taylor Swift'],['06HL4z0CvFAxyc27GXpf02'],2008-11-11,0.541,0.77,5,-4.17,1,0.0354,0.00408,0.0,0.117,0.215,96.013,4
0GxW5K0qzrq7L1jwSY5OmY,Mine - POP Mix,54,230547,0,['Taylor Swift'],['06HL4z0CvFAxyc27GXpf02'],2010-01-01,0.696,0.768,7,-3.863,1,0.0308,0.00461,1.21e-06,0.101,0.692,121.05,4
7an1exwMnfYRcdVQm0yDev,Cold As You,54,239013,0,['Taylor Swift'],['06HL4z0CvFAxyc27GXpf02'],2006-10-24,0.418,0.482,5,-5.769,1,0.0266,0.217,0.0,0.123,0.261,175.558,4
0xvsgzM8AtBtRHZm5rav8A,The Other Side Of The Door,54,237600,0,['Taylor Swift'],['06HL4z0CvFAxyc27GXpf02'],2008-11-11,0.476,0.816,4,-4.279,1,0.0347,0.169,0.0,0.238,0.469,163.847,4
73OX8GdpOeGzKC6OvGSbsv,A Place in this World,54,199200,0,['Taylor Swift'],['06HL4z0CvFAxyc27GXpf02'],2006-10-24,0.576,0.777,9,-2.881,1,0.0324,0.051,0.0,0.32,0.428,115.028,4
6VFpuI0DDmbC5UyWZQ4IRY,Girl At Home,53,220840,0,['Taylor Swift'],['06HL4z0CvFAxyc27GXpf02'],2012-10-22,0.733,0.59,5,-5.86,1,0.0284,0.272,0.0,0.134,0.633,125.048,4
4pJi1rVt9GNegU9kywjg4z,Teardrops on My Guitar - Pop Version,53,179067,0,['Taylor Swift'],['06HL4z0CvFAxyc27GXpf02'],2006-10-24,0.459,0.753,10,-3.827,1,0.0537,0.0402,0.0,0.0863,0.483,199.997,4
4pl5zcqCv4vc3cB7M4MZ6f,Come In With The Rain,53,238107,0,['Taylor Swift'],['06HL4z0CvFAxyc27GXpf02'],2008-11-11,0.527,0.475,2,-6.205,1,0.0258,0.0868,4.34e-06,0.248,0.224,143.962,4
2ZoOmCSgj0ypVAmGd1ve4y,Stay Beautiful,53,236053,0,['Taylor Swift'],['06HL4z0CvFAxyc27GXpf02'],2006-10-24,0.594,0.629,8,-4.919,1,0.0246,0.0868,0.0,0.137,0.504,131.597,4
5OOd01o2YS1QFwdpVLds3r,Invisible,52,203227,0,['Taylor Swift'],['06HL4z0CvFAxyc27GXpf02'],2006-10-24,0.612,0.394,7,-5.723,1,0.0243,0.637,0.0,0.147,0.233,96.001,4
6K0CJLVXqbGMeJSmJ4ENKK,Tied Together with a Smile,52,248107,0,['Taylor Swift'],['06HL4z0CvFAxyc27GXpf02'],2006-10-24,0.479,0.578,2,-4.963,1,0.0294,0.525,0.0,0.0841,0.192,146.165,4
7wjbSn8QHsxqKXU5M0jXGM,Eyes Open,52,244587,0,['Taylor Swift'],['06HL4z0CvFAxyc27GXpf02'],2012-01-01,0.598,0.724,7,-7.225,1,0.0345,0.00678,0.00182,0.0839,0.297,137.115,4
0mTgFzkDgSAF3nJY25XCXG,Innocent,52,302267,0,['Taylor Swift'],['06HL4z0CvFAxyc27GXpf02'],2010-01-01,0.553,0.604,1,-5.295,0,0.0258,0.202,0.0,0.125,0.186,133.989,4
0XfTh16YcKPzdxMPTeKTAq,SuperStar,52,261453,0,['Taylor Swift'],['06HL4z0CvFAxyc27GXpf02'],2008-11-11,0.61,0.531,2,-6.123,1,0.0239,0.367,0.0,0.351,0.228,85.979,4
2QA3IixpRcKyOdG7XDzRgv,The Outside,51,207107,0,['Taylor Swift'],['06HL4z0CvFAxyc27GXpf02'],2006-10-24,0.589,0.805,5,-4.055,1,0.0293,0.00491,0.0,0.24,0.591,112.982,4
7skiELMb9SiQCcBpsExIJf,Treacherous - Original Demo Recording,50,240267,0,['Taylor Swift'],['06HL4z0CvFAxyc27GXpf02'],2012-10-22,0.828,0.64,2,-8.248,1,0.0355,0.175,6.14e-05,0.0991,0.519,109.993,4
2OghnlGqZZsFzHjG0CSE9l,Red - Original Demo Recording,50,227080,0,['Taylor Swift'],['06HL4z0CvFAxyc27GXpf02'],2012-10-22,0.678,0.902,1,-4.659,0,0.0358,0.113,0.000235,0.0705,0.637,124.998,4
6aJ0ipi4EPmu1aTbFeXZnw,Superman,48,276267,0,['Taylor Swift'],['06HL4z0CvFAxyc27GXpf02'],2010-01-01,0.582,0.817,7,-3.718,1,0.0337,0.0187,1.94e-06,0.101,0.547,131.983,4
2IprIjGNRlj3TfqUWCAo0C,Last Christmas,47,208253,0,['Taylor Swift'],['06HL4z0CvFAxyc27GXpf02'],2008-12-02,0.702,0.77,5,-5.319,1,0.0372,0.31,0.0,0.149,0.685,116.009,4
0YgHuReCSPwTXYny7isLja,A Perfectly Good Heart,47,220147,0,['Taylor Swift'],['06HL4z0CvFAxyc27GXpf02'],2006-10-24,0.483,0.751,4,-5.726,1,0.0365,0.00349,0.0,0.128,0.268,156.092,4
2RM02ladxD5mgdrlAwh3h9,Teardrops On My Guitar - International Mix,43,193640,0,['Taylor Swift'],['06HL4z0CvFAxyc27GXpf02'],2008-11-11,0.514,0.557,10,-6.307,1,0.0264,0.0178,0.00755,0.114,0.152,99.974,4
75NS6QgULqCwUKFVIWYJbW,Teardrops On My Guitar,34,194667,0,['Taylor Swift'],['06HL4z0CvFAxyc27GXpf02'],2010-01-01,0.521,0.549,10,-6.369,1,0.0262,0.0193,0.00576,0.119,0.209,99.963,4
